id;title;description;active;profession_id;user_id
1;mobile Fish;Home Loan Account Table Computer;false;1;4
2;seamless Metal deposit;Producer;true;2;4
3;Electronics;Soap methodology Albania;false;3;5
4;Namibia;Steel zero administration;false;4;4
5;Licensed Savings Account;Cambridgeshire Mississippi;false;5;5
6;Yuan Renminbi Centers;Factors;true;1;5
7;envisioneer Music Public-key;infomediaries;false;2;5
8;backing up Salad;Digitized invoice;false;3;4
9;sky blue Georgia;Facilitator;true;4;4
10;e-enable Communications capacitor;Awesome;false;5;5
